"Locale","Title","Short description","Full description"
"en-US","Q-Gambit","The ultimate fusion of traditional chess and quantum mechanics!","Welcome to Q-Gambit! Experience the ultimate fusion of traditional chess and quantum mechanics.

In this game:
- Play online multiplayer (Ranked & Casual modes)
- Practice against the CPU (Levels 1 to 5)
- Learn the mechanics with the Interactive Tutorial
- Experience wave function collapse and superpositions in real-time

Dive into the quantum realm and outsmart your opponents!"
"ja-JP","Q-Gambit","伝統的なチェスと量子力学が融合した新世代ボードゲーム。駒の重ね合わせと観測を駆使してチェックメイトを狙え！","『Q-Gambit』は、伝統的なチェスのルールに「量子力学」の概念を組み込んだ、まったく新しい次世代ボードゲームです。

駒の正体は観測されるまで確定しません。ポーンがクイーンに、ナイトがビショップに…「シュレーディンガーの猫」のように、複数の可能性を同時に持ったまま盤面を移動します。駒同士が衝突した瞬間に「波束の収縮」が起き、正体が確定するスリリングな頭脳戦をお楽しみください！

【主な機能】
・オンライン対戦：世界中のプレイヤーとレート戦やカジュアルで対戦！
・CPU対戦：最新の量子チェスAIを相手に練習が可能。
・チュートリアル：量子チェス特有のルールを実践的に学べます。

未知の量子世界へ飛び込み、対戦相手を出し抜きましょう！"
"ko-KR","Q-Gambit","전통 체스와 양자 역학의 궁극적인 융합! 새로운 전략으로 체크메이트를 노려보세요!","Q-Gambit에 오신 것을 환영합니다! 전통 체스와 양자 역학의 궁극적인 융합을 경험해 보세요.

이 게임의 특징:
- 온라인 멀티플레이어(랭크 및 캐주얼 모드)
- CPU 대전(레벨 1~5)
- 상호작용형 튜토리얼을 통한 양자 규칙 학습
- 실시간 파동 함수 붕괴 및 중첩 경험

양자의 세계로 뛰어들어 상대를 제압하세요!"
"zh-CN","Q-Gambit","传统国际象棋与量子力学的终极融合！利用量子叠加与观测，以全新策略将死对手！","欢迎来到 Q-Gambit！体验传统国际象棋与量子力学的终极融合。

游戏特色：
- 在线多人游戏（排位赛和休闲模式）
- CPU 对战（1至5级）
- 通过交互式教程学习量子规则
- 实时体验波函数坍缩和量子叠加

潜入量子世界，用智谋战胜对手！"
"zh-TW","Q-Gambit","傳統西洋棋與量子力學的終極融合！利用量子疊加與觀測，以全新策略將死對手！","歡迎來到 Q-Gambit！體驗傳統西洋棋與量子力學的終極融合。

遊戲特色：
- 線上多人遊戲（積分賽與休閒模式）
- CPU 對戰（等級 1 至 5）
- 透過互動式教學學習量子規則
- 即時體驗波函數塌縮與量子疊加

潛入量子世界，用智謀戰勝對手！"
"es-ES","Q-Gambit","¡La fusión definitiva entre el ajedrez tradicional y la mecánica cuántica!","¡Bienvenido a Q-Gambit! Experimenta la fusión definitiva entre el ajedrez tradicional y la mecánica cuántica.

Características:
- Multijugador en línea (modos Clasificatorio y Casual)
- Práctica contra la CPU
- Aprende las reglas con el tutorial
- Experimenta el colapso de la función de onda en tiempo real

¡Sumérgete en el reino cuántico!"
"fr-FR","Q-Gambit","La fusion ultime entre les échecs traditionnels et la mécanique quantique !","Bienvenue dans Q-Gambit ! Découvrez la fusion ultime entre les échecs traditionnels et la mécanique quantique.

Fonctionnalités :
- Multijoueur en ligne (Classé et Occasionnel)
- Entraînement contre l'IA
- Tutoriel interactif
- Effondrement de la fonction d'onde en temps réel

Plongez dans le royaume quantique !"
"de-DE","Q-Gambit","Die ultimative Verschmelzung von traditionellem Schach und Quantenmechanik!","Willkommen bei Q-Gambit! Erlebe die ultimative Verschmelzung von traditionellem Schach und Quantenmechanik.

Features:
- Online-Multiplayer (Ranglisten- & Gelegenheitsspiele)
- Übung gegen die CPU
- Interaktives Tutorial
- Erlebe den Kollaps der Wellenfunktion in Echtzeit

Tauche ein in das Quantenreich!"